Date,Text,Comments,Likes,Retweets,Time,Classification
8/3/21,"Starbase, Texas",87000,159000,3904000,13:24:16,neu
8/3/21,Carnot efficiency of the Universe?,62000,51000,1078000,10:14:43,neu
7/3/21,"Great band, too bad they broke up",101000,367000,3712000,22:43:39,neu
6/3/21,"Due to high levels of demand for FSD Beta, adding Download Beta button to Service section of car display in ~10 daysQuote Tweet
Elon Musk
@elonmusk
  Mar 6
If you want the Tesla Full Self-Driving Beta downloaded to your car, let us know. Doubling beta program size now with 8.2 & probably 10X size with 8.3. Still be careful, but its getting mature.",38000,39000,487000,22:35:23,pos
6/3/21,"Availability varies by region due to regulatory approval delays and/or Tesla internal development & testing. 

Note: word Beta is used to reduce complacency in usage & set expectations appropriately. All software is first tested internally by Tesla simulation & QA drive teams.",1000,970,218000,22:47:09,pos
6/3/21,Doge spelled backwards is Egod,202000,418000,3922000,4:40:30,neu
3/3/21,5 mins to Starship test flight attempt,88000,107000,1992000,20:10:07,pos
3/3/21,Launch abort on slightly conservative high thrust limit. Increasing thrust limit & recycling propellant for another flight attempt today.,26000,43000,954000,20:39:42,neg
3/3/21,Starship launch tomorrow. Window opens at 9am.,71000,164000,2463000,11:30:39,pos
3/3/21,March 3rd,23000,3000,887000,11:59:08,neu
2/3/21,"20238
 #dearMoondearMoon8
20238
dearmoon.earth",4000,231000,899000,22:09:00,neu
2/3/21,"Creating the city of Starbase, Texas",82000,166000,2212000,20:31:38,pos
2/3/21,"From thence to Mars,
And hence the Stars.",23000,46000,926000,21:19:32,pos
2/3/21,Horses are even self-driving!,5000,144000,1434000,18:41:18,pos
2/3/21,Scammers & crypto should get a room,95000,194000,1993000,17:50:44,neg
1/3/21,Green eggs & SPAC,63000,76000,1319000,22:23:50,neu
1/3/21,Doge meme shield (legendary item),94000,286000,2807000,19:57:08,neu
1/3/21,New drug coming out called Regretamine. Pop one & all regrets are gone.,127000,299000,2956000,19:01:34,pos
1/3/21,Always wondered where exactly your gaming character keeps all the stuff,53000,17000,1938000,18:59:03,neu
1/3/21,"Use Tesla phone app to melt snow & ice off your car before even leaving the house
 by 
@cookie_esq",31000,129000,985000,18:02:10,pos
27/2/21,"Model 3 earns Top Safety+ award from IIHS for third year in a row2021 Tesla Model 3 4-door sedan
2021 Tesla Model 3 4-door sedan - midsize luxury car
iihs.org",12000,29000,358000,4:47:10,pos
24/2/21,"The 
@SpaceX
 Crew Dragon has officially been in space for more than 
 days!

The Crew-1 mission launched on Nov. 15, 2020 & arrived at the 
@Space_Station
 on Nov. 16, carrying Shannon Walker, 
@AstroVicGlover
, 
@Astro_illini
 & 
@Astro_Soichi
. They will return in late April/early May.",12000,34000,38000,20:43:20,pos
24/2/21,Literally,228000,773000,5792000,13:00:05,neu
24/2/21,On the actual moon,61000,127000,1833000,13:10:13,pos
23/2/21,Excession,161000,131000,2095000,11:50:35,neu
21/2/21,Hypernominalization,123000,122000,1803000,21:59:56,neu
21/2/21,Of spaceflight,34000,31000,871000,23:11:50,neu
21/2/21,"Solar Roof even clears off the snowTesla Solar Roof - What happens when it snows?
youtube.com",33000,68000,632000,21:03:24,pos
21/2/21,Dojo 4 Doge,202000,372000,3307000,21:27:06,neu
20/2/21,"Cryptocurrency explainedBITCOIN EXPLAINED (BC Explained ep 1)
""We all have a crypto-friend who sounds like this guy. Gold back in 698BC was no different...""____________________________Like our stuff? Want us to make mor...
youtube.com",111000,266000,155000,23:42:57,neu
20/2/21,Heard a rumor some crypto coin was pegging the dollar ,176000,246000,2791000,20:52:56,pos
20/2/21,Or did they say pegged to the dollar? Something like that ,39000,46000,1123000,21:06:39,pos
19/2/21,I just want to start a flame in your heart,299000,541000,4546000,21:06:55,pos
19/2/21,Just for a day,148000,236000,2899000,20:34:57,neu
17/2/21,".
@ERCOT_ISO
 is not earning that R",113000,10000,1444000,8:55:40,neu
16/2/21,Winter at Giga Texas,48000,72000,1369000,15:51:30,neu
16/2/21,Deployment of 60 Starlink satellites confirmed,53000,18000,1602000,5:05:47,pos
14/2/21,"If major Dogecoin holders sell most of their coins, it will get my full support. Too much concentration is the only real issue imo.",294000,413000,3349000,23:25:16,pos
15/2/21,I will literally pay actual $ if they just void their accounts,85000,112000,1251000,10:05:59,pos
15/2/21,nan,12000,857000,8452000,9:52:37,neu
13/2/21,".
@KremlinRussia_E
 would you like join me for a conversation on Clubhouse?",146000,167000,1953000,21:07:38,pos
13/2/21,      ,58000,53000,923000,21:19:38,neu
13/2/21,Lil meme juice for the weekend,136000,236000,2902000,14:12:41,pos
12/2/21,"Congrats to the advancing teams in the Not-a-Boring Tunnel Competition!  Started with 390 competitors, down to the 12 finalists, aka The Digging Dozen.Not-a-Boring Competition  The Boring Company
boringcompany.com",19000,2000,27000,22:21:41,pos
11/2/21,Happy New Year of the Ox!,188000,347000,4365000,20:05:55,pos
11/2/21,"Frodo was the underdoge,
All thought he would fail,
Himself most of all.",20000,347000,250000,9:08:33,pos
10/2/21,"Just agree to do Clubhouse with 
@kanyewest",13000,291000,3325000,19:47:18,pos
10/2/21,The most entertaining outcome is the most likely,4000,87000,1333000,21:15:44,pos
10/2/21,"Bought some Dogecoin for lil X, so he can be a toddler hodler",295000,698000,5555000,15:08:11,pos
10/2/21,nan,75000,9000,1789000,16:51:31,neu
7/2/21,Hodl the rainforests!!,101000,271000,2776000,22:12:09,neu
7/2/21,So  its finally come to this ,219000,929000,6983000,7:41:23,neu
6/2/21,Time to tell the story of Tesla & SpaceX,122000,265000,4182000,22:12:57,pos
6/2/21,Of Earth and Mars,23000,58000,1629000,22:14:57,neu
6/2/21,Lessons learned,25000,51000,1484000,22:16:52,pos
6/2/21,The Second Last Kingdom,113000,217000,5027000,9:58:04,neu
6/2/21,"YOLT

https://m.youtube.com/watch?v=05QJlF06F4s",64000,52000,838000,8:32:55,neu
6/2/21,The great thing about restaurants is that you get to hang out with strangers! - SJM,64000,11000,1787000,6:46:24,pos
6/2/21,"The future currency of EarthDogecoin to the Moooonn
71.3%
All other crypto combined
28.7%
2,432,725 votes

Final results",373000,709000,2648000,4:51:07,pos
6/2/21,Much wow!,182000,324000,3754000,4:02:23,pos
4/2/21,"Falcon 9 will launch 
@NASA
s SPHEREx mission  which will collect data on more than 300 million galaxies and explore how the universe began  from our launch site at Vandenberg AFB as early as June 2024  https://nasa.gov/press-release/nasa-awards-launch-services-contract-for-spherex-astrophysics-missionNASA JPL",35000,58000,635000,21:51:38,pos
4/2/21,Falcon 9 launches 60 Starlink satellites to orbit  mission from pad 39A on deck,15000,94000,911000,15:41:12,pos
4/2/21,"I am become meme,
Destroyer of shorts",285000,64000,6265000,10:08:21,pos
4/2/21,Sandstorm is a masterpiece,118000,286000,3337000,9:34:47,pos
4/2/21,"Next time, we try pull *up* method",99000,194000,238000,8:44:12,neu
4/2/21,nan,74000,435000,4373000,7:29:09,neu
4/2/21,Doge,95000,549000,2647000,7:35:35,neu
4/2/21,"This was a tough oneQuote Tweet
SpaceX
@SpaceX
  Feb 4
Falcon 9s first stage has landed on the Of Course I Still Love You droneship",31000,58000,976000,7:09:30,pos
4/2/21,"Watch Falcon 9 launch 60 Starlink satellites  http://spacex.com/launchesSpaceX
@SpaceX
Starlink Mission",831,35000,269000,6:09:37,pos
2/2/21,Off Twitter for a while,35000,389000,5448000,8:45:48,neg
1/2/21,"Giga Berlin progress0:54
8.5M views",66000,154000,2327000,23:17:40,neu
1/2/21,It will be filled with graffiti art,41000,4000,1273000,23:21:08,neu
1/2/21,This mission enables access for everyday people who dream of going to space,21000,44000,522000,21:29:30,pos
1/2/21,Announcing the first commercial astronaut mission to orbit Earth aboard Dragon  http://spacex.com/updates/inspiration-4-mission/index.htmlInspiration4,19000,122000,791000,21:29:29,pos
31/1/21,"Please consider working at Neuralink!

Short-term: solve brain/spine injuries
Long-term: human/AI symbiosis 

Latter will be species-level important 

Work at either at our Bay Area or Austin locationsQuote Tweet
Neuralink
@neuralink
  Feb 1
Robots

robots@neuralink.com

https://youtu.be/-gQn-evdsAo",97000,127000,1399000,23:51:25,pos
31/1/21,"If youve worked on advanced wearables, phones or robots, those skills are needed 
@neuralink",42000,29000,523000,23:59:16,pos
31/1/21,"Replying to 
@elonmuskFeels weird helping make (hopefully good version of) Cyberpunk come true",22000,36000,741000,23:53:27,
31/1/21,On Clubhouse tonight at 10pm LA time,114000,191000,2187000,20:56:10,
31/1/21,"Elon Musk on Good Time - Good Time
Sunday, January 31 at 10:00pm PST with Sriram Krishnan, Marc Andreessen, Steven Sinofsky, Aarthi Ramamurthy, Elon Musk, Garry Tan 
joinclubhouse.com",3000,4000,365000,21:07:41,
29/1/21,"Launch Alert 
 @NASA
 and 
@SpaceX
 are targeting no earlier than April 20 for the launch of the second crew rotation mission with astronauts to the 
@Space_Station
.

The Crew-2 mission will lift off from Launch Complex 39A at 
@NASAKennedy
. Learn more: http://go.nasa.gov/2NRezZz",17000,35000,348000,19:06:47,
28/1/21,"u cant sell houses u dont own
u cant sell cars u dont own
but 
u *can* sell stock u dont own!?
this is bs  shorting is a scam
legal only for vestigial reasons",216000,1508000,740000,20:34:26,
28/1/21,Plaid Model S ships next month,149000,422000,4833000,2:33:13,
28/1/21,It can play Cyberpunk,47000,105000,2169000,2:34:17,
28/1/21,"The esthetics of Cyberpunk are incredible btw. The interior design is
.",22000,28000,1153000,11:54:19,
28/1/21,"Replying to 
@elonmuskFirst production car ever to achieve 0 to 60 mph in less than 2 seconds",25000,67000,1346000,2:35:55,
28/1/21,0 to 155mph trap speed in a 1/4 mile. 200mph top speed (with right tires).,16000,25000,798000,2:41:43,
28/1/21,Even Discord has gone corpo ,15000,487000,582000,1:57:30,
26/1/21,I kinda love Etsy,138000,233000,3289000,11:25:23,
26/1/21,Bought a hand knit wool Marvin the Martian helm for my dog,28000,3000,1356000,11:32:55,
26/1/21,nan,2000,25000,553000,22:59:59,
26/1/21,"Gamestonk!!wallstreetbets  r/wallstreetbets
Like 4chan found a bloomberg terminal
reddit.com",124000,466000,2517000,21:08:02,
26/1/21,nan,22000,61000,686000,11:28:08,
24/1/21,"Under Vegas in 
@boringcompany
 tunnel yesterday with my boys",53000,106000,2093000,19:46:26,
24/1/21,"SpaceXs rideshare offering provides increased access to space for small satellite operators seeking a reliable, affordable ride to orbit",743,28000,345000,14:56:32,
24/1/21,Falcon 9s first stage has landed on the Of Course I Still Love You droneship,1000,47000,504000,15:10:39,
24/1/21,Liftoff!,1000,74000,669000,15:01:07,
23/1/21,"Due to unfavorable weather, we are standing down from today's launch; the team will continue with the countdown until T-30 seconds for data collection. Another launch attempt is available tomorrow, January 24 with a 22-minute window opening at 10:00 a.m. EST",1000,25000,355000,14:37:34,
22/1/21,"Launching many small satellites for a wide range of customers tomorrow. Excited about offering low-cost access to orbit for small companies!Quote Tweet
SpaceX
@SpaceX
  Jan 23
Falcon 9 and 143 spacecraft are vertical on pad 40 ahead of tomorrows launch of the Transporter-1 mission, the first dedicated SmallSat Rideshare Program mission; SpaceX's 42-minute launch window opens at 9:40 a.m. and weather is 60% favorable  http://spacex.com/launches",34000,6000,778000,23:17:20,
21/1/21,Am donating $100M towards a prize for best carbon capture technology,585000,765000,6075000,23:08:35,
21/1/21,Details next week,58000,35000,972000,23:08:47,
20/1/21,Falcon 9 launches Starlink to orbit  the eighth launch and landing of this booster,14000,6000,689000,15:26:04,
18/1/21,"Battery cell production is the fundamental rate-limiter slowing down a sustainable energy future. Very important problem.Quote Tweet
Tesla
@Tesla
  Jan 18
Come work on cell / battery production at Giga Texas & Giga Berlin! http://tesla.com/battery-jobs
0:46
6.5M views",66000,122000,144000,5:52:28,
15/1/21,"Monty Python is amazingMonty Python - Repressed Citizen
The Repressed Citizen skit from Monty Python and the Holy Grail.I do not own any of this material it's all courtesy of Monty Python at www.youtube.com/MontyP...
youtube.com",64000,86000,1053000,6:44:22,
14/1/21,"Splashdown of Dragon confirmed, completing SpaceXs 21st 
@Space_Station
 resupply mission and the first return of a cargo resupply spacecraft off the coast of Florida",12000,36000,488000,1:28:13,
13/1/21,"Today at SpaceX is about practicing Starship engine starts. Ship is held down by massive pins while engines are fired. Two starts completed, about to try a third.",43000,77000,167000,19:06:00,
13/1/21,All three static fires completed & no RUDs!,15000,19000,659000,21:47:02,
13/1/21,nan,108000,398000,3907000,21:20:05,
13/1/21,Legalize comedy,19000,999000,9062000,9:25:42,
12/1/21,"Separation confirmed! Dragon performing 3 departure burns to move away from the 
@Space_Station",830,36000,564000,14:09:47,
12/1/21,"Hey you 
Yeah you Queen 
Youre gonna make it! ",132000,1251000,5877000,23:02:33,
8/1/21,"Btw, critical feedback is always super appreciated, as well as ways to donate money that really make a difference (way harder than it seems)",287000,138000,2483000,1:35:53,
7/1/21,nan,71000,276000,3207000,18:49:47,
7/1/21,Use Signal,167000,595000,3701000,12:56:10,
7/1/21,The most entertaining outcome is the most likely,33000,119000,1574000,10:23:50,
7/1/21,"As seen from an external observer, not the participants",11000,2000,666000,10:24:29,
7/1/21,This is called the domino effect,46000,424000,3746000,4:06:23,
4/1/21,"Snow falling on Giga Berlin0:46
6.1M views",37000,78000,1511000,20:26:11,
4/1/21,"Because of the large footprint, it may seem flat, but actually ranges up to 5 stories tall",14000,12000,589000,20:57:05,
2/1/21,"So proud of the Tesla team for achieving this major milestone! At the start of Tesla, I thought we had (optimistically) a 10% chance of surviving at all.Quote Tweet
Tesla
@Tesla
  Jan 2
In 2020, we produced and delivered half a million cars. Huge thanks to all those who made this possible.
https://ir.tesla.com/press-release/tesla-q4-2020-vehicle-production-deliveries",42000,71000,1118000,14:51:49,
2/1/21,"In 2020, we produced and delivered half a million cars. Huge thanks to all those who made this possible.Tesla Q4 2020 Vehicle Production & Deliveries | Tesla Investor Relations
PALO ALTO, Calif., January 2, 2021  In 2020, we produced and delivered half a million vehicles, in line with our most recent guidance. In addition, Model Y production in Shanghai has begun, with...
ir.tesla.com",23000,77000,665000,14:32:15,
31/12/20,"Great interview with Mathias DpfnerElon Musk reveals Tesla's plan to be at the forefront of a self-driving-car revolution  and why he...
Tesla CEO Elon Musk sat down with Axel Springer CEO Mathias Dpfner for an interview during his visit to Germany.
businessinsider.com",16000,37000,521000,5:40:26,
31/12/20,Ignore the heading,11000,788,38000,5:47:38,
30/12/20,Snake-head dog had my undivided attention until winder-head ostrich came gliding through all nonchalant,27000,49000,101000,9:51:07,
30/12/20,"Destiny, destiny
No escaping 
that for me",61000,127000,1569000,5:33:19,
29/12/20,All Tesla cars delivered in the final three days of the year will get three months of the Full Self-Driving option for free. Delivery & docs must be fully complete by midnight Dec 31st.,36000,45000,74000,22:16:14,
25/12/20,Merry Christmas & happy holidays! ,75000,157000,2373000,16:47:04,
24/12/20,"12 story rocket turns off its engines & does a controlled fallQuote Tweet
SpaceX
@SpaceX
  Dec 24, 2020
Recap of Starship SN8 high-altitude flight test  https://youtu.be/_qwLHlVjRyw",34000,97000,1028000,1:12:41,
24/12/20,"To Tesla owners taking delivery in the final days of year, your support is super appreciated!!",35000,4000,1503000,0:00:41,
21/12/20,Thanks to everyone who worked so hard to make Tesla successful. My heart goes out to you.,84000,133000,3466000,13:04:16,
20/12/20,Photos from yesterdays launch and landing  http://flickr.com/spacex,978,43000,546000,19:50:16,
20/12/20, i love all u crazy ppl out there ,133000,188000,3332000,10:16:43,
20/12/20,"Come for the comments, 
stay for the memes",59000,55000,1267000,9:44:03,
20/12/20,One word: Doge,112000,335000,2254000,9:30:04,
20/12/20,Bitcoin is almost as bs as fiat money,82000,137000,1414000,9:24:37,
20/12/20,nan,82000,524000,3998000,8:54:26,
20/12/20,Lord Edge,11000,11000,37000,8:43:06,
20/12/20,Bitcoin is my safe word,67000,234000,2419000,8:21:25,
20/12/20,"Just kidding, who needs a safe word anyway!?",23000,26000,699000,8:40:34,
19/12/20,Falcon 9s first stage has landed on Landing Zone 1,15000,10000,87000,14:09:19,
19/12/20,Liftoff!,567,44000,472000,14:01:01,
14/12/20,nan,109000,382000,2703000,6:11:07,
13/12/20,"Falcon 9 launches SXM-7 to orbit, completing SpaceXs 25th launch this yearSiriusXM",639,45000,568000,22:42:24,
11/12/20,"Can't wait!! 
@elonmusk
 #spacex #SpaceXStarship",818,28000,321000,12:02:11,
10/12/20,Photos from Starship SN8s flight test  http://flickr.com/spacex,11000,63000,646000,23:12:25,
9/12/20,"Mars, here we come!!",193000,725000,6809000,23:08:53,
10/12/20,"Thank you, South Texas for your support! This is the gateway to Mars.",19000,45000,1219000,0:10:39,
10/12/20,"Life, the Universe and Everything",52000,152000,2094000,0:08:40,
9/12/20,"Successful ascent, switchover to header tanks & precise flap control to landing point!Quote Tweet
SpaceX
@SpaceX
  Dec 10, 2020
Watch Starship high-altitude test live  http://spacex.com/vehicles/starship https://twitter.com/i/broadcasts/1OwxWVgPaVeJQ",55000,136000,113000,23:02:34,
9/12/20,"Fuel header tank pressure was low during landing burn, causing touchdown velocity to be high & RUD, but we got all the data we needed! Congrats SpaceX team hell yeah!!",33000,96000,1029000,23:07:39,
8/12/20,"Time-lapse of Dragon on approach  two Dragons now docked to the 
@space_station",11000,101000,649000,16:36:55,
8/12/20,"So long, and thanks for the orifice!
- Alien message decrypted",69000,173000,1848000,16:44:50,
7/12/20,"Success! At 1:40pm ET, 
@SpaceX
's upgraded Dragon cargo spacecraft autonomously docked to the 
@Space_Station
. 
 This is the 1st automated docking for a SpaceX cargo resupply mission & the 1st time two Dragon spacecraft are on station simultaneously:",369,19000,209000,18:48:46,
7/12/20,Out on the pad in South Texas,36000,98000,143000,20:13:07,
7/12/20,"The station and the 
@SpaceX
 #Dragon are going into an orbital night period before the 1:30pm ET docking. The #CrewDragon can be seen docked to the forward port of the Harmony module. https://nasa.gov/live",270,16000,192000,18:11:48,
6/12/20,Falcon 9 booster has landed on the Of Course I Still Love You droneship,315,24000,227000,16:27:14,
6/12/20,Liftoff!,610,59000,522000,16:17:44,
4/12/20,Tunnel Rave,14000,48000,456000,7:35:51,
3/12/20,Watch Demolition Man,65000,61000,986000,23:30:34,
3/12/20,Prometheus Unbound,2000,22000,596000,23:19:57,
3/12/20,"The Falcon 9 booster supporting this mission previously launched 
@NASA
 astronauts Bob Behnken and Doug Hurley to the 
@space_station
, the ANASIS-II mission, and a Starlink mission",344,12000,168000,14:19:53,
2/12/20,"Science is discovering the essential truths about what exists in the Universe, engineering is about creating things that never existedEngineer
en.m.wikipedia.org",28000,76000,748000,3:13:25,
2/12/20,"Much of what people think of an science is actually engineering, eg no such thing as a rocket scientist, only rocket engineers. Latter is who put humans on the moon.",16000,27000,41000,3:19:28,
26/11/20,Happy Thanksgiving!,79000,10000,2482000,15:12:00,
25/11/20,".
@TheBabylonBee
 is savage ",22000,58000,961000,20:38:25,
25/11/20,"This is a life leader launch, so more risk than normalQuote Tweet
SpaceX
@SpaceX
  Nov 25, 2020
Watch Falcon 9 launch 60 Starlink satellites  http://spacex.com/launches  https://twitter.com/i/broadcasts/1ypKdgVXWgRxW",14000,18000,322000,2:12:17,
24/11/20,"Good Starship SN8 static fire! Aiming for first 15km / ~50k ft altitude flight next week. Goals are to test 3 engine ascent, body flaps, transition from main to header tanks & landing flip.",16000,4000,543000,23:59:27,
22/11/20,"Tomorrow will be the 7th flight of this rocket, landing on droneship Of Course I Still Love You",27000,42000,1221000,3:42:11,
21/11/20,"Booster separation, second-engine start, and fairing separation as the U.S.-European Sentinel-6 Michael Freilich ocean-observing satellite is on its way to orbit.

#SeeingTheSeas",387,17000,184000,17:23:53,
21/11/20,"Landing at Vandenberg AFB in CaliforniaQuote Tweet
SpaceX
@SpaceX
  Nov 22, 2020
Falcon 9s first stage has landed on Landing Zone 4",16000,48000,69000,17:34:45,
19/11/20,"Crew-1s view of Earth during Dragons flight to the 
@space_stationNASA and 3 others",817,64000,611000,16:45:57,
18/11/20,Tesla holiday software release is ,34000,35000,1102000,7:41:37,
18/11/20,Cobra Kai is a deep cut,18000,37000,831000,7:09:54,
17/11/20,Deus ex machine learning,29000,17000,1891000,22:07:17,
17/11/20,"Nullius in Verba 
@royalsociety",932,993,217000,19:20:28,
17/11/20,"Docking confirmed  Crew Dragon has arrived at the 
@space_station
!",14000,94000,1225000,4:13:10,
16/11/20," Enter the Crew Dragon. At 4:48 p.m. EST (9:48 p.m. UTC), the NASA 
@SpaceX
 Crew-1 astronauts give you a LIVE tour of their spacecraft Resilience: http://nasa.gov/liveGIF",472,22000,226000,21:18:15,
16/11/20,nan,68000,125000,2549000,1:09:01,
16/11/20,Launch in 5 minutes,38000,56000,1819000,0:23:02,
15/11/20,"Thrusters are integrated with spacecraft, enabling abort capability all the way to abort for increased safetyQuote Tweet
SpaceX
@SpaceX
  Nov 16, 2020
If there is an emergency at any point on the pad or during ascent, Crew Dragon is able to carry astronauts to safety",694,26000,44000,23:55:43,
15/11/20,"Dragon can also hover & land propulsively, but we use the parachutes for maximum safetyDragon 2 Propulsive Hover Test
On November 24, SpaceXs Dragon 2, powered by eight SuperDraco engines, executed a picture-perfect propulsive hover test at the companys rocket development ...
youtube.com",244,473,124000,23:58:27,
16/11/20,"The same propellant is used either for abort or for orbital maneuvering, as one use obviates the other",238,284,113000,0:00:41,
15/11/20,What song would you play on your ride out to the launch pad? #LaunchAmerica,53000,3000,338000,21:16:50,
15/11/20,"Dragon has completed 22 flights to and from the 
@space_station
. It was designed from the beginning with human spaceflight in mind  even the first cargo Dragon had a window",173,16000,167000,23:23:04,
15/11/20,"Dragon is the only spacecraft currently flying capable of returning significant amounts of cargo to Earth and is the first private spacecraft to take humans to the 
@Space_Station",282,33000,275000,23:29:47,
15/11/20,"Replying to 
@elonmuskGreat question! Its more complex question and depends on why the test is being used - ie: do you want to know if you are currently contagious/risky to others or if you have any remnants of RNA? The difference may sound trivial but it is massive

1/",148,423,6000,1:03:19,
15/11/20,"Worth reading this thread if youre curious about rona testingQuote Tweet
Elon Musk
@elonmusk
  Nov 15, 2020
Replying to @michaelmina_lab
In your opinion, at what Ct number for the cov2 N1 gene should a PCR test probably be regarded as positive? If Im asking the wrong question, what is a better question?",13000,25000,255000,2:52:28,
14/11/20,"Laws of thermodynamics:
1. You cant win
2. You cant break even
3. You cant stop playing",27000,104000,1236000,20:11:13,
14/11/20,Unless youre on DMT,14000,34000,595000,20:13:06,
14/11/20,Shakes fist at entropy,23000,43000,824000,19:51:56,
13/11/20,Case closed,67000,356000,2939000,23:22:43,
13/11/20,Soon,28000,138000,1899000,23:15:38,
13/11/20,What is the general population (no knowledge of symptoms) accuracy of a sars-cov2 PCR test & is it possible to generate a false positive if you simply run enough cycles?,89000,16000,1098000,16:28:32,
13/11/20,Lab I just spoke to said cov2 PCR detection (N1 & N3 genes) below 30 cycles is reliable & above 40 cycles is not,17000,28000,208000,21:47:44,
13/11/20,"Replying to 
@elonmuskWould be great to hear from people who know a lot about the PCR testing industry. Whats the approximate false positive rate, all things considered, for cov2 PCR tests?",33000,3000,324000,17:41:59,
13/11/20,The carousel turns ever faster,26000,41000,777000,6:11:57,
13/11/20,"Something extremely bogus is going on. Was tested for covid four times today. Two tests came back negative, two came back positive. Same machine, same test, same nurse. Rapid antigen test from BD.",371000,1397000,4253000,5:47:11,
12/11/20,"Tesla tops list of 2020s Most Attractive Employers for US engineering studentsTesla tops list of 2020s Most Attractive Employers for US engineering students
Employer branding specialist Universum has released its 2020 list of most attractive employers for US students. Similar to last year, two Elon Musk-led ventures, Tesla and SpaceX, ranked as the most...
teslarati.com",279,747,103000,14:15:17,
12/11/20,"4 Astronauts fly to 
@Space_Station
 on Sat night from Cape. First operational flight of Crew Dragon.",14000,92000,985000,15:34:36,
11/11/20,Thank you to all those who have served and sacrificed #VeteransDay,504,36000,583000,23:21:24,
9/11/20,nan,6000,157000,2134000,18:03:19,
9/11/20,"Yes, you can have my damn cookie! should be a browser setting",42000,129000,2125000,16:57:33,
8/11/20,20k Superchargers and counting,18000,47000,704000,17:38:55,
7/11/20,GIF,531,6000,404000,20:30:43,
7/11/20,"The Phantom of the Opera 
Is here  inside your mind",35000,68000,1157000,18:26:27,
5/11/20,Recruiting ace engineers for Giga Berlin! Will interview in person tomorrow on site. Send resume to 25Guns@Tesla.com.,35000,79000,1064000,9:31:58,
6/11/20,"When sending your resume, please describe a few of the hardest problems you solved & exactly how you solved them",17000,18000,322000,15:31:07,
6/11/20,"A New Banner is needed
Neither hard left nor right",66000,81000,1395000,10:36:02,
6/11/20,420 is ten times better than 42,99000,401000,3509000,6:10:41,
1/4/18,"Tesla Goes Bankrupt
Palo Alto, California, April 1, 2018 -- Despite intense efforts to raise money, including a last-ditch mass sale of Easter Eggs, we are sad to report that Tesla has gone completely and totally bankrupt. So bankrupt, you can't believe it.",4000,258000,151000,22:02:31,
1/4/18,"Replying to 
@elonmuskElon was found passed out against a Tesla Model 3, surrounded by ""Teslaquilla"" bottles, the tracks of dried tears still visible on his cheeks. 

This is not a forward-looking statement, because, obviously, what's the point?

Happy New Month!",38000,217000,1577000,22:02:34,
6/11/20,nan,11000,947,452000,5:55:31,
6/11/20,Deployment of GPS III-4 confirmed,332,23000,287000,0:54:54,
5/11/20,Falcon 9s first stage lands on the Of Course I Still Love You droneship,278,2000,203000,23:34:05,
5/11/20,Liftoff!,388,39000,389000,23:25:17,
29/10/20,"Truth be told, Ive eaten at JitB many times over the years, even the teriyaki bowl",14000,835,367000,4:45:51,
29/10/20,"Tesla should make 
 catgirl robots?Absolutely
81.9%
Of Course
18.1%
928,281 votes

Final results",99000,247000,1189000,0:11:03,
28/10/20,Jack in the Box should do double duty as a sperm donor clinic  name is ,52000,193000,1763000,2:18:17,
28/10/20,"Come here  no, come, here ",14000,16000,573000,3:08:02,
28/10/20,"Replying to 
@elonmuskWow, this mayo sure is salty!",18000,35000,695000,3:02:07,
24/10/20,"Congratulations SpaceX Team!Quote Tweet
SpaceX
@SpaceX
  Oct 25, 2020
100 successful flights
0:55
5.2M views",27000,128000,1826000,22:46:56,
22/10/20,"Now that Tesla FSD beta is out in limited release, FSD price (new or upgrade) will go up by ~$2k on Monday",31000,32000,584000,6:30:28,
22/10/20,Price change is pushed to Thursday next week. Applies only to US for now. One week clock will start in other countries as beta is released. FSD monthly rental will also be available sometime next year.,967,872,155000,22:00:02,
21/10/20,"Starship nosecone, high bay & tiki bar",23000,54000,1042000,20:13:20,
20/10/20,"FSD beta rollout happening tonight. Will be extremely slow & cautious, as it should.",24000,42000,603000,22:19:31,
20/10/20,Data from 3 engine Starship static fire this morning looks good. Proceeding with nosecone mate.,12000,24000,444000,22:17:05,
16/10/20,"There's no place like home..especially if it has a Solar Roof.

This Kansas ranch got theirs installed in 4 days.Solar Roof Installation Timelapse
youtube.com",13000,25000,256000,23:51:34,
14/10/20,"The gauntlet has been thrown down! 

The prophecy will be fulfilled. 

Model S price changes to $69,420 tonight!",12000,415000,330000,19:01:19,
16/10/20,"mtr trndQuote Tweet
Elon Musk
@elonmusk
  Jul 12, 2019
Motor Trend awards Tesla Model S best Car of the Year ever in their 70 year history!!
 https://motortrend.com/news/2013-tesla-model-s-beats-chevy-toyota-cadillac-ultimate-car-of-the-year/",628,673,178000,17:30:45,
15/10/20,"Tesla Model 3 SR+ Has Lowest Energy Consumption of All BEVs, Says ReportTesla Model 3 SR+ Has Lowest Energy Consumption of All BEVs, Says Report
Energy consumption of electric vehicles is a very important characteristic since it directly impacts how many miles an EV can actually drive. Electric vehicles from different manufacturers have...
tesmanian.com",242,620,72000,20:30:09,
7/10/20,"Starman, last seen leaving Earth, made its first close approach with Mars todaywithin 0.05 astronomical units, or under 5 million miles, of the Red Planet",16000,117000,741000,22:47:59,
6/10/20,"Falcon 9 launches 60 Starlink satellites to orbit, completing SpaceX's 43rd flight of a previously flown rocket booster",1000,11000,832000,13:11:00,
6/10/20,Deployment of 60 Starlink satellites confirmed,707,49000,477000,12:33:30,
6/10/20,"4th flight & landing for this boosterQuote Tweet
SpaceX
@SpaceX
  Oct 6, 2020
Falcon 9s first stage has landed on the Of Course I Still Love You droneship
0:05
1.9M views",975,28000,36000,11:44:54,
6/10/20,"5 minutes from launch. Looks good so far.Quote Tweet
SpaceX
@SpaceX
  Oct 6, 2020
Watch Falcon 9 launch 60 Starlink satellites  https://twitter.com/i/broadcasts/1BdxYnYjLeZKX",870,27000,402000,11:24:42,
5/10/20,"Turn volume to 11 & play Powerglide in your TeslaRae Sremmurd, Swae Lee, Slim Jxmmi - Powerglide ft. Juicy J
Subscribe for more: http://smarturl.it/RaeSremmurdYT""SR3MM"" out now http://smarturl.it/SR3MMMusic video by Rae Sremmurd, Swae Lee, Slim Jxmmi performing Powe...
youtube.com",900,12000,139000,23:42:20,
5/10/20,"Music volume on a Tesla goes to 11, because its louder than 10These go to 11.mpg
Spinal Tap's Nigel Tufnel explains how his band's amplifiers go to eleven, ""When you need that extra push over the cliff...""
youtube.com",1000,19000,269000,23:22:49,
5/10/20,"Rewatched Young Frankenstein this weekend. Still awesome. Ovaltine?Young Frankenstein: Favorite Scenes
Mel Brooks and Cloris Leachman reveal their favorite scenes at the Academy's 40th Anniversary Screening of Young Frankenstein on September 10, 2014 at the Sa...
youtube.com",692,431,89000,22:38:33,
5/10/20,"Hollywood should just start with the sequel & skip the original, because financials",13000,26000,574000,22:21:07,
4/10/20,New SpaceX droneship will be called A Shortfall of Gravitas,16000,38000,694000,14:23:38,
4/10/20,"Nothing can escape gravity, not even black holes (and they really tried!)",49000,119000,1859000,14:05:42,
4/10/20,"Call of Booty, great game",8000,659000,5174000,0:12:06,
4/10/20,nan,24000,122000,1676000,0:04:41,
29/9/20,"Once this Dragon docks to the 
@space_station
, there will be two Dragons docked simultaneously. Between crew and cargo missions, there will be at least one Dragon spacecraft attached to the 
@space_station
 for the entirety of 2021",352,11000,13000,15:21:49,
29/9/20,"SpaceX training of astronauts that will fly on board Dragons first operational mission is complete! When the crew arrives for pre-launch preparations at the launch site, they will participate in a run-through of day-of-launch activities with the launch and pad operations teams",688,25000,241000,16:52:58,
29/9/20,"NEWS: Were now targeting 2:40am ET Saturday, Oct. 31, for the launch of the 
@NASA
 and 
@SpaceX
 Crew-1 mission to send astronauts to the 
@Space_Station
. Here is the latest #LaunchAmerica update: https://go.nasa.gov/30g1BaK",519,43000,273000,0:00:24,
26/9/20,nan,64000,1203000,6776000,23:39:31,
26/9/20,"Thanks Tesla Team for great work on deliveries! For new owners, we super appreciate accommodating us on delivery timing! Definitely one of our toughest quarters in global logistics.",16000,25000,547000,19:44:56,
26/9/20,Starship SN8 with rear body flaps,18000,68000,789000,17:36:31,
26/9/20,Nosecone & front flaps next week. SN9 next month.,287,708,186000,17:38:09,
26/9/20,"First flight is to 15km or ~50,000 ft",378,796,182000,17:41:21,
25/9/20,"Falcon 9 will launch 
@NASA
s super cool Interstellar Mapping and Acceleration Probe (IMAP), which will help researchers better understand the boundary of the heliosphere, a magnetic barrier surrounding our solar system  https://nasa.gov/press-release/nasa-awards-launch-services-contract-for-imap-mission",346,3000,302000,21:25:41,
26/9/20,Centaur with a bow obviously,19000,193000,1933000,1:52:11,
25/9/20,What cant we predict?,42000,179000,1915000,7:12:20,
25/9/20,"Completed a full duration test fire of the Raptor Vacuum engine at SpaceXs rocket development facility in McGregor, Texas0:09
2.4M views",16000,113000,66000,2:21:43,
25/9/20,RVac and sea level Raptor with a human for scale,294,17000,207000,2:24:52,
24/9/20,"Only thing beyond ludicrous is plaidDesign Your Model S | Tesla
Design and order your Tesla Model S, the safest, quickest electric car on the road. Learn about lease and loan options, warranties, EV incentives and more.
tesla.com",27000,37000,516000,16:57:39,
23/9/20,"Cybertruck, ATV, Roadster & Semi
C A R S",76000,392000,3521000,0:28:04,
22/9/20,"We drove a Model S Long Range Plus for 422.7 miles in California and believe we could have made it to 430. 
@Tesla
 explained how theyre killing it on range: http://crdrv.co/jAayuTb",232,768,81000,16:00:15,
16/9/20,Doubles as an underground nuclear shelter ,917,27000,379000,19:19:13,
16/9/20," Fallout Radio  ""Fallout 3 "" Galaxy News Radio All Songs
1. Allan Gray - Swing Doors 0:002. Billie Holiday - Crazy He Calls Me 3:003. Billie Holiday- Easy Living 6:034. Billy Munn - Jazzy Interlude 9:055. Bob Crosb...
youtube.com",371,736,109000,19:39:43,
15/9/20,nan,18000,181000,2221000,21:12:54,
15/9/20,Story of my life,14000,16000,682000,21:13:39,
15/9/20,Have you hugged a tunnel today?,48000,42000,825000,20:14:00,
15/9/20,Embrace tunnels!,48000,65000,1134000,16:09:45,
12/9/20,"SN8 Starship with flaps & nosecone should be done in about a week. Then static fire, checkouts, static fire, fly to 60,000 ft & back.",16000,5000,538000,17:37:36,
12/9/20,"One way or another, excitement guaranteed! Support of greater Boca, Padre, Brownsville community is very much appreciated.",464,955,227000,17:40:23,
11/9/20,Many exciting things will be unveiled on Battery Day 9/22 ,54000,156000,1622000,15:45:06,
10/9/20,"Bitte arbeiten Sie bei Tesla Giga Berlin! Es wird super Spa machen!!Quote Tweet
Tesmanian.com
@Tesmanian_com
  Sep 11, 2020
Tesla Giga Berlin Has Capacity for 40K Employees in 3 Shifts, Says Minster Steinbach

https://tesmanian.com/blogs/tesmanian-blog/meeting-in-grunneid-on-the-future-of-transportation-in-the-region",23000,29000,367000,21:49:27,
9/9/20,"Tesla Model S & X have hospital-grade (HEPA) air filters. 3 & Y are really good too. This has a big effect on health.Putting the Tesla HEPA Filter and Bioweapon Defense Mode to the Test
*/ Air pollution has a significant and pervasive impact on public health. According to the World Health Organization, it is now considered ""the world's largest single environmental health risk,"" with...
tesla.com",13000,29000,258000,21:09:06,
9/9/20,"Tesla Energy ramps hiring at Giga New York for accelerated solar productionTesla Energy ramps hiring at Giga New York for accelerated solar production
Tesla is hiring for over 30 different positions at Giga New York, the facility where the company manufactures its solar products. Recent job listings on LinkedIn for the companys facility in Buffalo...
teslarati.com",244,829,79000,10:00:56,
9/9/20,"Onboard camera view of Falcon 9s SAOCOM 1B launch and first stage land landingSAOCOM 1B | Launch and Landing
Sped up footage from an onboard camera during Falcon 9s launch of the SAOCOM 1B mission  SpaceXs first launch to a polar orbit from the East Coast. After ...
youtube.com",639,33000,182000,14:57:46,
8/9/20,A la guerre comme  la guerre,58000,254000,1467000,16:53:54,
7/9/20,"If you bombard Earth with enough photons, eventually it emits a Tesla (AK)",28000,61000,1083000,22:46:50,
3/9/20,Great trip to Germany. Support from government & people is super appreciated!,19000,39000,1063000,22:04:40,
3/9/20,Deployment of 60 Starlink satellites confirmed,717,49000,367000,13:02:45,
3/9/20,Liftoff!,389,56000,501000,12:46:56,
31/8/20,Falcon 9 first stage lands at Landing Zone 1 to complete this boosters fourth flight,12000,11000,781000,16:27:57,
31/8/20,nan,28000,157000,2169000,18:37:39,
31/8/20,"After launching SAOCOM 1B and two rideshare payloads to orbit, Falcon 9s first stage returns to Earth and lands at Landing Zone 1  completing SpaceXs first polar orbit mission from Florida",577,51000,405000,2:51:55,
30/8/20,"Deployment of SAOCOM 1B confirmed0:05
844.6K views",312,38000,255000,23:34:06,
30/8/20,Falcon 9s first stage has landed at Landing Zone 1,994,133000,753000,23:29:08,
30/8/20,Liftoff!,504,95000,549000,23:20:08,
30/8/20,"Snout BoopsSnout Boops
Gertie was a little more engaged in the run through a few minutes before the live stream. Science!
youtube.com",568,11000,89000,22:07:02,
30/8/20,Just learned that my physics prof from Penn is head of Fermilab & still has some of my old homework ,23000,5000,146000,16:00:31,
29/8/20,Conceptual telepathy,56000,114000,1381000,1:02:05,
28/8/20,"If you ever fantasize about having been an 1880s engineer working in Edisons lab, apply to work at 
@neuralink
.",520,14000,179000,23:50:53,
28/8/20,"Ahem  starting soonQuote Tweet
Elon Musk
@elonmusk
  Aug 29, 2020
Neuralink product demo in 3 hours. Webcast at http://neuralink.com.",29000,46000,531000,22:32:20,
21/8/20,"Tesla Model 3 is most satisfying car across all ages, study reveals https://teslarati.com/tesla-model-3-consumer-reports-most-satisfying-car/",595,13000,138000,21:01:25,
21/8/20,A metaphor for life,28000,293000,1976000,15:27:45,
11/8/20,"Power is flowing again from the grid. 
Grateful for my 
@Tesla
 #Powerwall and 162 hours of uninterrupted backup power. ",216,619,77000,15:09:46,
20/8/20,"More fun games coming soon to ur TeslaQuote Tweet
368
@368
  Aug 21, 2020
JESUS @Tesla and @elonmusk just putting their hands in our wallets at this point
Show this thread",42000,322000,2505000,19:11:02,
20/8/20,http://Stankmemes.com strikes again!,832,1000,215000,19:09:35,
20/8/20,New Tesla feature coming that enables your car to play snake jazz or Polynesian elevator music through its outside speakers wherever you go,45000,109000,1418000,8:17:54,
20/8/20,nan,15000,143000,1707000,8:13:11,
20/8/20,nan,6000,91000,1383000,5:52:37,
20/8/20,GPT-3 sounds like Simon & Garfunkel lyrics,554,915,197000,5:11:06,
20/8/20,Bureaucracy is inherently kafkaesque,4000,92000,929000,2:38:56,
19/8/20,He might run for President in 2024,26000,73000,957000,19:47:48,
19/8/20,Medical check is A-ok!,708,15000,304000,19:55:21,
18/8/20,"Aloha, welcome back from space ",62000,434000,3586000,22:17:46,
19/8/20,Elevator music is underrated,17000,52000,859000,6:01:47,
18/8/20,"Big updates in 
 

 Trans-Canada Supercharging 
 
 Model Y deliveries 
 
 Leasing for Model Y & Model 3 Electric Cars, Solar & Clean Energy | Tesla
Tesla is accelerating the world's transition to sustainable energy with electric cars, solar and integrated renewable energy solutions for homes and businesses.
tesla.com",739,16000,176000,22:14:35,
17/8/20,Raptor engine just reached 330 bar chamber pressure without exploding!,24000,6000,844000,23:00:50,
17/8/20,"Cybertruck option packageQuote Tweet
Archillect
@archillect
  Aug 16, 2020",59000,147000,2009000,4:05:05,
17/8/20,Tanks 4 the memery - panzer of the lake,675,15000,377000,2:01:58,
17/8/20,"Some big milestones coming upQuote Tweet
Matt
@Booster_Buddies
  Aug 17, 2020
So, with the #SpaceX Starlink launch on Tuesday, this will be another first for the company.
First time reusing a booster for the 6th time!
And this flight marks the 100th launch for SpaceX and the 92nd for the Falcon 9!
Show this thread",677,24000,384000,1:56:52,
16/8/20,"Please trash me on Wikipedia, Im begging you",58000,125000,2119000,9:01:17,
16/8/20,History is written by the victors  except on Wikipedia haha,19000,133000,1331000,8:57:26,
16/8/20,We must pass The Great Filter,17000,213000,2271000,8:42:01,
16/8/20,Sounds right,15000,132000,141000,7:38:57,
14/8/20,Tesla is developing a NN training computer called Dojo to process truly vast amounts of video data. Its a beast! Please consider joining our AI or computer/chip teams if this sounds interesting.,43000,99000,1241000,20:33:15,
16/8/20,A truly useful exaflop at de facto FP32,325,323,95000,0:18:31,
15/8/20,"http://Tesla.com/solarQuote Tweet
Ross Gerber
@GerberKawasaki
  Aug 15, 2020
Two Million Californians Go Dark and the Heat Is Just Beginning - its super hot and time to get tesla solar and a battery pack. Cant rely on PGandE for power... $tsla @elonmusk  https://bloomberg.com/news/articles/2020-08-15/california-calls-for-rolling-blackouts-for-first-time-since-2001",741,12000,141000,22:11:49,
15/8/20,"Replying to 
@elonmuskOur main engineering locations are Palo Alto, Austin & Seattle, but working remotely is acceptable for exceptional candidates",657,819,171000,19:17:50,
14/8/20,"Great mission patch design!Quote Tweet
Victor Glover
@AstroVicGlover
  Aug 13, 2020
All for 1, Crew-1 for all...  twitter.com/Commercial_Cre",735,14000,264000,22:40:49,
14/8/20,"NEWS: 
@NASA
 & 
@SpaceX
 are targeting no earlier than Oct. 23 for Crew Dragons first operational mission to the 
@Space_Station
 with 
@Astro_illini
, 
@VicGlover
, Shannon Walker and 
@Astro_Soichi
, pending certification following a successful Demo-2 test flight. https://blogs.nasa.gov/commercialcrew/2020/08/14/nasa-spacex-targeting-october-for-next-astronaut-launch/JAXA(Japan Aerospace Exploration Agency)",380,35000,224000,18:20:09,
11/8/20,SN 5 & 6 at Starship Production Complex in Texas,16000,55000,69000,18:15:25,
6/8/20,Looking up in Model Y,13000,56000,534000,0:58:38,
5/8/20,Starship takes flight,53000,511000,2388000,3:37:40,
4/8/20,"LAUNCH! Starship SN5 has launched on a 150 meter test hop at SpaceX Boca Chica.

Under the power of Raptor SN27, SN5 has conducted what looks like a successful flight!

Listen to the SpaceXers cheer!

Mary (
@BocaChicaGal
) filming history!

Livestream: https://youtube.com/watch?v=VwC6LG_z8zE",911,77000,321000,23:59:45,
3/8/20,"We are going to go to the moon, we are going to have a base on the moon, we are going to send people to mars and make life multi-planetary. This day heralds a new age of space exploration  
@elonmuskFrom 
Spaceflight Now",38000,266000,1334000,5:23:11,
2/8/20,"When space travel becomes as common as air travel, the future of civilization will be assured",129000,392000,3375000,22:45:07,
2/8/20,"""To anybody who has touched Endeavour, you should take a moment to just cherish this day."" 

Touching words from 
@Astro_Doug
 as 
@AstroBehnken
 is safely brought out of the spacecraft. #LaunchAmerica0:58
1.2M views",388,53000,348000,20:12:13,
2/8/20,"LIVE: An update on today's 
@SpaceX
 Dragon Endeavour splashdown, returning 
@AstroBehnken
 & 
@Astro_Doug
 home to Earth. Hear from 
@JimBridenstine
 and experts about this milestone in human spaceflight: https://twitter.com/i/broadcasts/1YpJkNePyLEGjNASA
@NASA
After the Splashdown: NASA & SpaceX Discuss the Return of Astronauts from Space",221,14000,11000,20:52:04,
2/8/20,UPDATE: Post-SpaceX Crew Dragon DM-2 Splashdown News Conference no earlier than 4:45pm ET. Watch live: https://nasa.gov/nasalive,235,17000,209000,20:27:47,
2/8/20,"Congratulations 
@SpaceX
 & 
@NASA
 on completing first crewed Dragon flight!! 
 returned.",27000,197000,2356000,20:27:25,
1/8/20,"Webcast of Crew Dragons return to Earth from the 
@space_station
 with 
@AstroBehnken
 and 
@Astro_Doug
  http://spacex.com/launchesSpaceX
@SpaceX
Crew Demo-2 Departure",13000,13000,276000,21:16:14,
2/8/20,"Good splashdown of Dragon confirmed! Welcome back to Earth, 
@AstroBehnken
 and 
@Astro_Doug
!",22000,349000,1351000,18:49:42,
31/7/20,Aliens built the pyramids obv,254000,827000,5204000,4:14:32,
31/7/20,"Replying to 
@elonmuskThe Great Pyramid was the tallest structure made by humans for 3800 years. Three thousand, eight hundred years.",2000,25000,44000,14:54:07,
1/8/20,This BBC article provides a sensible summary for how it was done http://bbc.co.uk/history/ancient/egyptians/pyramid_builders_01.shtml,923,1000,173000,3:51:54,
1/8/20,"NEWS: Teams from 
@NASA
 and 
@SpaceX
 remain GO with plans to bring 
@Astro_Doug
 and 
@AstroBehnken
 home to Earth on Sunday afternoon. We will continue to monitor weather before undocking Saturday night. Read more: https://blogs.nasa.gov/commercialcrew/2020/07/31/nasas-spacex-demo-2-weather-remains-go-for-return-live-coverage-tomorrow/",119,1000,98000,1:13:37,
31/7/20,"They're coming home! 
On Aug. 1, astronauts 
@AstroBehnken
 and 
@Astro_Doug
 will depart the 
@Space_Station
 on 
@SpaceX
's Crew Dragon spacecraft after a more than 60-day stay in space. Take a look at this recap of their #LaunchAmerica mission: https://youtu.be/J3VuLKFnvlQ0:38
896.2K views",401,41000,252000,23:36:22,
31/7/20,"@NASA
 and 
@SpaceX
 remain GO with plans to bring 
@Astro_Doug
 and 
@AstroBehnken
 home to Earth this weekend. Teams will continue to monitor weather before undocking Saturday night. Read more: https://blogs.nasa.gov/commercialcrew/2020/07/30/nasa-and-spacex-remain-go-for-splashdown/",164,12000,98000,2:15:17,
30/7/20,Starship SN5 just completed full duration static fire. 150m hop soon.,17000,46000,728000,20:05:05,
30/7/20,nan,974,36000,483000,20:31:50,
30/7/20,"Total Eclipse of the Heart Bonnie Tyler - Total Eclipse of the Heart (Video)
Bonnie Tyler - Total Eclipse of the Heart (Official Video)Listen on Spotify - http://smarturl.it/BonnieTylerGH_SpotifListen on Apple Music - http://smarturl....
youtube.com",12000,963,127000,19:52:29,
30/7/20,The rumor that Bill Gates & I are lovers is completely untrue,129000,516000,4975000,6:55:03,
30/7/20,"But sometimes when we touch Sometimes When We Touch - Dan Hill - Official Video 1994
www.DanHill.com ""Sometimes When We Touch"" is available for download at iTunes. https://itunes.apple.com/ca/album/intimate/id358583848Dan Hill's book ""My Fat...
youtube.com",11000,18000,454000,8:54:55,
30/7/20,"Losing ItLosing It - FISHER
open.spotify.com",18000,6000,382000,8:19:44,
30/7/20,"Sure could use a good rave
Whats your favorite techno",155000,147000,1311000,7:53:58,
30/7/20,I  I just died in your arms tonight,69000,154000,1855000,7:12:22,
27/7/20,Das Kapital in a nutshell,158000,518000,2432000,18:57:05,
24/12/11,Kanye stopped by the SpaceX rocket factory today.,13000,89000,115000,1:29:19,
27/7/20,Almost a decade ago. Original Dragon in background.,902,15000,794000,3:40:56,
27/7/20,"Great songLithium - Nirvana
open.spotify.com",39000,128000,1203000,2:41:32,
27/7/20,nan,12000,2000,324000,3:16:48,
26/7/20,nan,519,4000,259000,13:30:13,
25/7/20,"NEW VIDEO - Why Tesla Model Y is Their Most Important Car! [Auto Focus Ep 5]

https://youtu.be/j52nXdQKFD0",466,13000,246000,1:10:12,
25/7/20,"Cool Model 3 review by 
@iamjamiefoxxJamie Foxx's Tesla Test Drive!!!
Jamie Foxx test drives a Tesla Model 3 Performance for his first time. From 0-60 in 2.9 seconds to driving in autopilot. See what happens!Like & Subscribe!...
youtube.com",1000,12000,167000,21:40:42,
25/7/20,Pronouns suck,223000,359000,2709000,3:42:29,
24/7/20, Twitter sucks,259000,776000,6092000,16:21:01,
24/7/20,"I bet no one on 
 Twitter even *has* a guillotine! Poseurs ",4000,54000,74000,22:31:07,
24/7/20,Another government stimulus package is not in the best interests of the people imo,313000,338000,1281000,14:44:46,
24/7/20,"These are jammed to gills with special interests earmarks. If we do a stimulus at all, it should just be direct payments to consumers.",25000,55000,522000,15:01:39,
24/7/20,"Replying to 
@elonmuskAs a reminder, Im in *favor* of universal basic income",42000,7000,61000,14:50:53,
24/7/20,"Goal of government should be to maximize the happiness of the people. Giving each person money allows them to decide what meets their needs, rather than the blunt tool of legislation, which creates self-serving special interests.",43000,81000,578000,14:53:54,
24/7/20,"Tesla solar panels are $1.49/WattElectric Cars, Solar & Clean Energy | Tesla
Tesla is accelerating the world's transition to sustainable energy with electric cars, solar and integrated renewable energy solutions for homes and businesses.
tesla.com",27000,44000,529000,14:39:07,
23/7/20,"While in orbit, astronauts 
@AstroBehnken
 and 
@Astro_Doug
 performed a habitability assessment of the 
@SpaceX
 Crew Dragon. This included:
 Opening and closing the hatch
 Operating the waste system
 Moving cargo back into the vehicle
: https://go.nasa.gov/2CxAJuB",211,12000,109000,12:21:38,
23/7/20,Impressive Tianwen-1 Mars rover mission launched by China today https://space.com/amp/china-tianwen-1-mars-mission-launch.html?__twitter_impression=true,13000,17000,315000,7:59:54,
22/7/20,"Q2 2020 Update | Tesla
Tesla is accelerating the world's transition to sustainable energy with electric cars, solar panels and integrated renewable energy solutions for homes and businesses.
tesla.com",1000,27000,31000,21:57:41,
22/7/20,"You dont have a soul, you are a soul",107000,461000,3348000,6:53:20,
22/7/20,2 minutes later ,31000,488000,3252000,6:42:32,
22/7/20,Coming soon,6000,188000,2203000,6:10:48,
22/7/20,Where are the memes? Send in  the memes ,276000,136000,1938000,5:45:35,
22/7/20,Nothing has gaslit more people than the movie Gaslight,952,12000,362000,5:40:32,
21/7/20,"Videos of yesterdays catch of both fairing halves0:10
2.2M views",932,66000,581000,17:46:31,
20/7/20,"Watch Falcon 9 launch ANASIS-II  http://spacex.com/launchesSpaceX
@SpaceX
ANASIS-II Mission",394,41000,19000,21:18:38,
21/7/20,Das baby kann noch keinen lffel benutzen,72000,154000,2831000,4:58:13,
20/7/20,"Both fairing halves caught from space by 
@SpaceX
 ships!",17000,41000,716000,22:19:33,
20/7/20,Falcon 9s first stage has landed on the Just Read the Instructions droneship,789,71000,496000,21:39:14,
20/7/20,"Launch in 20 minsQuote Tweet
SpaceX
@SpaceX
  Jul 21, 2020
Comet NEOWISE over Falcon 9 and ANASIS-II vertical on SLC-40. Todays launch window opens at 5:00 p.m. EDT and closes at 8:55 p.m. EDT, and weather is looking 70% favorable  http://spacex.com/launches",916,26000,376000,21:11:56,
11/7/20,nan,56000,136000,2217000,7:29:42,
10/7/20,"I spoke with Korolevs family today.
He was one of the very best.
 / .",17000,29000,631000,22:58:14,
10/7/20,"Best use of the term Full Stack?IHOP
35.8%
GitHub
18.9%
Pornhub
45.4%
964,571 votes

Final results",34000,69000,579000,9:26:26,
10/7/20,"Wow, IHOP & GitHub are close",868,667,348000,9:31:35,
9/7/20,"If you cant beat em, join em
Neuralink mission statement",48000,118000,1542000,7:01:44,
9/7/20,Progress update August 28,11000,23000,67000,7:08:51,
10/7/20,AI symbiosis while u wait,11000,11000,303000,4:25:45,
6/7/20,"Falcon 9 lands on Just Read the Instructions after delivering GPS III Space Vehicle 03 to orbit for the 
@SpaceForceDoDSpace and Missile Systems Center and 2 others",1000,76000,716000,17:44:18,
5/7/20,Read The Story of Civilization by Will & Ariel Durant,33000,41000,723000,20:33:10,
5/7/20,Limited edition short shorts now available at http://Tesla.com/shortshorts,63000,142000,1145000,20:01:08,
5/7/20,Only $69.420!!,25000,63000,1025000,20:02:44,
5/7/20,"Dang, we broke the website",13000,18000,804000,20:04:27,
5/7/20,"Replying to 
@elonmusk""Orbiting Earth in the spaceship, I saw how beautiful our planet is. People, let us preserve and increase this beauty, not destroy it!""

- Comrade Yuri",504,36000,431000,2:08:32,
5/7/20,Beautiful fireworks in LA tonight,29000,56000,1421000,6:16:45,
5/7/20,"North American Supercharger usage is now at pre-covid high, Europe about a week behind, China & Asia-Pacific in general doing great",12000,14000,237000,3:18:16,
5/7/20,nan,165000,1569000,6899000,1:20:09,
4/7/20,Please take a moment to report accounts clearly engaged in harassment. It is the only way to maintain public discourse.,82000,79000,987000,17:47:29,
4/7/20, Happy 4th of July!! ,46000,195000,2499000,17:44:43,
4/7/20,"Congrats Tesla Team  U ROK!!Quote Tweet
Vincent
@vincent13031925
  Jul 2, 2020
Tesla ( $TSLA ) Achieved Victory In Q2 2020 With 90,650 Deliveries

Amazing quarter @elonmusk & Team @Tesla 
, this number is absolutely incredible!! GOOD JOB
Congrats to all #Tesla 
 as well 
https://tesmanian.com/blogs/tesmanian-blog/tesla-achieved-a-victory-q2-2020-with-90-650-delivered",31000,17000,365000,4:46:58,
2/7/20,"Crew Dragon docked to the 
@Space_StationBob Behnken and 5 others",701,58000,61000,21:15:01,
2/7/20,"Tesla Q2 2020 Vehicle Production & Deliveries | Tesla, Inc.Tesla Q2 2020 Vehicle Production & Deliveries | Tesla Investor Relations
In the second quarter, we produced over 82,000 vehicles and delivered approximately 90,650 vehicles.
ir.tesla.com",734,17000,165000,18:30:16,
2/7/20,"Thanks Tesla owners & investors! Love you!! We will work super hard to earn your trust & support.Quote Tweet
Tesla
@Tesla
  Jul 3, 2020
Tesla Q2 2020 Vehicle Production & Deliveries | Tesla, Inc. https://ir.tesla.com/news-releases/news-release-details/tesla-q2-2020-vehicle-production-deliveries",33000,29000,415000,20:06:28,
2/7/20,"Just over a month ago, 
@AstroBehnken
 & 
@Astro_Doug
 launched to the 
@Space_Station
 aboard 
@SpaceX
's Crew Dragon.

This mission returned astronaut launches into orbit from U.S. soil for the first time since 2011.

Learn more about the Commercial Crew Program https://go.nasa.gov/3ecv0r50:25
985.8K views",289,15000,15000,14:26:51,
2/7/20,"SEC, three letter acronym, middle word is Elons",83000,139000,1085000,18:57:26,
2/7/20,Tesla will make fabulous short shorts in radiant red satin with gold trim,49000,128000,1656000,18:40:47,
2/7/20,Will send some to the Shortseller Enrichment Commission to comfort them through these difficult times,829,2000,379000,18:50:12,
2/7/20,Who wears short shorts? ,143000,174000,256000,18:24:57,
2/7/20,"Tesla crushes Wall Streets Q2 estimates with over 90k deliveries $TSLATesla (TSLA) crushes Wall Street's Q2 estimates with over 90k deliveries
Tesla (NASDAQ:TSLA) has released its second quarter vehicle production and delivery report, posting a total production of 82,272 and total deliveries of 90,650. This is a remarkable accomplishment...
teslarati.com",226,1000,91000,12:36:15,
1/7/20,"Tesla Impact Report (repost). We do everything humanly possible to source materials & produce sustainable energy cars, batteries & solar ethically. Suggestions for improvement are always appreciated.2019 Impact Report
Learn how Tesla is accelerating the world's transition to sustainable energy with highlights from our 2019 Impact Report.
tesla.com",16000,28000,272000,19:30:36,
30/6/20,"Your GPS just got slightly betterQuote Tweet
SpaceX
@SpaceX
  Jul 1, 2020
Deployment of GPS III Space Vehicle 03 confirmed",26000,126000,1591000,21:56:52,
28/6/20,"Btw, Tesla actually receives *least* subsidies of any automaker in US. Federal tax credit applies to other automaker EVs, but no longer Tesla.",762,984,169000,23:39:41,
28/6/20,"Cybertruck inside Petersen Automotive Museum.
#tesla #CybertruckTesla and 2 others",365,12000,204000,5:28:20,
28/6/20,69 days after 4/20 again haha,92000,592000,5264000,21:54:51,
26/6/20,".
@JeffBezos
 is a copy 
 hahaQuote Tweet
Financial Times
@FT
  Jun 26, 2020
Amazon acquires self-driving start-up Zoox for over $1.2bn https://on.ft.com/3fS5SH0",59000,284000,2387000,17:28:53,
26/6/20,"Who controls the memes,
controls the Universe",156000,1255000,7273000,7:35:57,
26/6/20,nan,65000,1409000,8559000,6:05:19,
26/6/20,Only a matter of time before someone steals a Tesla while playing GTA on a Tesla,36000,336000,3586000,5:57:58,
26/6/20,Literally,724,17000,826000,6:03:42,
26/6/20,North American Supercharger usage tracking to exceed pre covid highs in 2 to 3 weeks. Lot of noise out there. This is signal.,827,13000,195000,5:25:09,
25/6/20,"First thoughts driving my new Tesla model Y. Review and discussion of what I learned at Tesla today and outlook for the stock. #tesla $tsla #teslamodelY #StockMarket #stock 
@elonmuskRoss Gerber
@GerberKawasaki
First thoughts driving my new Tesla model Y. Review and discussion of what I learned at Tesla today and outlook for the stock. #tesla $tsla #teslamodelY #StockMarket #stock @elonmusk 
pscp.tv",294,701,55000,22:05:18,
25/6/20,Two Starship tanks in the midbay,26000,78000,1512000,7:43:07,
25/6/20,Apologies to Tesla customers for shifting delivery dates. Its a crazy world out there!,18000,24000,81000,2:56:12,
25/6/20,Special thanks to Tesla trucking & rail partners for figuratively & literally going the extra mile,415,603,312000,2:57:55,
25/6/20,"Wall Street Journal: Tesla Model Y Offers Fierce, Velvety Driving CharacteristicsWall Street Journal: Tesla Model Y Offers Fierce, Velvety Driving Characteristics
Dan Neil, who writes about cars for the Wall Street Journal, has evolved from a Tesla skeptic to a zealous convert. In his new review of Model Y, he reaches new heights of colorful commendation, and...
cleantechnica.com",225,608,69000,0:45:43,
22/6/20,Tentative date for Tesla Shareholder Meeting & Battery Day is Sept 15. Will include tour of cell production system.,15000,23000,324000,3:11:02,
21/6/20,"Tesla Bioweapon Defense ModePutting the Tesla HEPA Filter and Bioweapon Defense Mode to the Test
*/ Air pollution has a significant and pervasive impact on public health. According to the World Health Organization, it is now considered ""the world's largest single environmental health risk,"" with...
tesla.com",1000,25000,235000,8:13:05,
21/6/20,Mars is my souldog,42000,118000,1906000,7:03:08,
21/6/20,"If heat death is the end of the universe, it really is all about the journey",36000,138000,1471000,6:19:41,
21/6/20,"Exclusive Pro Photos: Tesla Cybertruck At The Petersen Auto MuseumExclusive Pro Photos: Tesla Cybertruck At The Petersen Automotive Museum
David Rand, a visual effects artist who has worked with major motion pictures such as Moana, Big Hero 6, and Frozen, just to name a few, has graciously gifted CleanTechnica his own perspective of the...
cleantechnica.com",223,584,74000,5:03:12,
20/6/20,"The Lowest Price for Home Solar
Today we are introducing the lowest-ever cost to go solar in the United States. Our average system size is now one-third less expensive than the industry average and we have recently introduced a...
tesla.com",706,24000,211000,20:44:50,
19/6/20,Juneteenth is henceforth considered a US holiday at Tesla & SpaceX,6000,346000,4089000,17:06:03,
18/6/20,"More than 100 spacecraft have been signed up to fly on Falcon 9 since we launched the rideshare program. Small satellite operators can book their ride to orbit online  http://spacex.com/rideshareQuote Tweet
Spaceflight
@SpaceflightInc
  Jun 18, 2020
We're happy to announce we have multiple launches planned with SpaceX. #BookYourRide #NowBoarding https://bit.ly/3hAhXSJ",637,2000,194000,1:24:00,
30/5/20,"Help us find an unsung hero! If they win, they get $50k & you get up to $3k for nominating/spreading the word. Our first 3 awards went to Vasili #Arkhipov, Stanislav #Petrov & Matthew #Meselson, for helping prevent 2 #nuclear wars & 1 bioweapon arms race.Future Of Life Award: Unsung Hero Search - Future of Life Institute
The Future of Life Institute is seeking nominations for the Future of Life Award, a $50,000 prize given to an outstanding, unsung hero.
futureoflife.org",374,781,53000,13:50:34,
16/6/20,"SpaceX is building floating, superheavy-class spaceports for Mars, moon & hypersonic travel around EarthQuote Tweet
Gavin Cornwell
@SpaceXFleet
  Jun 16, 2020
SpaceX is hiring for Offshore Operations Engineers in Brownsville.

From the post: ""Work as part of a team of engineers and technicians to design and build an operational offshore rocket launch facility""

With thanks to @CowboyDanPaasch for the scoop.

https://boards.greenhouse.io/spacex/jobs/4764403002?gh_jid=4764403002
Show this thread",33000,99000,775000,19:20:04,
15/6/20,"Tesla Model S now first ever electric vehicle to receive EPA range rating above 400 miles!Model S Long Range Plus: Building the First 400-Mile Electric Vehicle
The freedom to travel anywhere is critical to Teslas mission. Since the introduction of our 265-mile Model S in 2012, weve
tesla.com",21000,77000,87000,23:53:26,
16/6/20,All Model S cars made since late Jan have 402 mile range. This is just making it official.,1000,14000,383000,2:07:13,
15/6/20,China & Asia Pacific Supercharger usage above pre-covid highs. North America catching up fast. Europe slightly behind.,686,13000,188000,23:36:49,
13/6/20,"Falcon 9 launches 58 Starlink satellites and 3 
@planetlabs
 Skysats to orbit before returning to Earth and landing on a droneshipPlanet",13000,113000,797000,10:33:32,
10/6/20,Tesla factory workplace safety is 5% better than industry average for manufacturers & improving fast,350,579,103000,19:06:53,
10/6/20,"Wort reading the whole thing
https://tesla.com/ns_videos/2019-tesla-impact-report.pdf",21000,32000,378000,14:15:45,
9/6/20,Starlink fairing deploy sequence,13000,158000,997000,21:24:53,
8/6/20,"Wow, this is extremely important!!Quote Tweet
Jim Bridenstine
@JimBridenstine
  Jun 9, 2020
The cost-saving success of @Commercial_Crew is based on @NASA establishing high-level requirements and letting private companies innovate. For the Artemis Moon base, NASA will establish a cost per ton delivered and once again let private companies innovate.",12000,41000,523000,18:18:41,
8/6/20,Stankonia at http://stankmemes.com,16000,44000,502000,17:28:25,
6/6/20,"Starship Production Complex
Boca Chica, Texas",25000,8000,1303000,23:42:00,
7/6/20,Gateway to Mars,15000,34000,639000,0:46:56,
6/6/20,The gerontocracy is out of touch with the people,64000,20000,1522000,7:48:25,
31/5/20,"Dragon docks with 
@Space_Station
 in ~3 hoursQuote Tweet
SpaceX
@SpaceX
  May 31, 2020
Tune in to hear @AstroBehnken and @Astro_Doug on Crew Dragon and for live views of Earth  http://spacex.com/launches",26000,157000,1488000,11:32:20,
30/5/20,"Crew Dragon has separated from Falcon 9s second stage and is on its way to the International Space Station with @Astro_Behnken and 
@AstroDoug
! Autonomous docking at the 
@Space_Station
 will occur at ~10:30 a.m. EDT tomorrow, May 31",24000,264000,1257000,19:35:50,
30/5/20,Falcon 9 booster has landed on the Of Course I Still Love You droneship!,18000,363000,1734000,19:33:11,
30/5/20,Liftoff!,76000,2577000,8402000,19:23:38,
30/5/20,5 mins to T-0,168000,54000,8402000,19:17:55,
30/5/20,".
@AstroBehnken
 and 
@Astro_Doug
 arrive at historic Launch Complex 39A  http://spacex.com/launches0:10
1.7M views",527,63000,41000,16:21:53,
30/5/20,"All systems go for Crew Dragons test flight with 
@NASA
 astronauts 
@AstroBehnken
 and 
@Astro_Doug
. Teams are keeping an eye on weather. Webcast will go live at ~11:00 a.m. EDT  http://spacex.com/launchesNASA and NASA Commercial Crew",27000,11000,599000,11:51:36,
27/5/20,"Artwork by 
@tristaneaton
 flying aboard Dragon",651,71000,619000,19:16:49,
27/5/20,"Standing down from launch today due to unfavorable weather in the flight path. Our next launch opportunity is Saturday, May 30 at 3:22 p.m. EDT, or 19:22 UTC",45000,399000,1563000,20:20:24,
27/5/20,nan,63000,533000,5829000,20:08:10,
27/5/20,Crew access arm retracting from the spacecraft,723,98000,673000,19:50:41,
27/5/20,"Webcast of Crew Dragons demonstration mission with 
@NASA
 astronauts 
@AstroBehnken
 and 
@Astro_Doug
 on board the spacecraft is now live  http://spacex.com/launchesSpaceX
@SpaceX
Crew Demo-2 mission",13000,245000,367000,16:22:30,
25/5/20,"As we look forward to the future, we reflect and remember those who secured it for us by making the ultimate sacrifice. #MemorialDay",126,957,111000,15:30:00,
24/5/20,"The 
@Space_Station
 is circling Earth at 25 times the speed of sound https://twitter.com/UniverCurious/status/1264329531164426241This Tweet is unavailable.",23000,104000,915000,23:38:13,
24/5/20,nan,53000,427000,3579000,19:06:23,
23/5/20,"SpaceX and 
@NASA
 completed a full rehearsal of launch day activities with 
@AstroBehnken
 and 
@Astro_Doug
 ahead of Crew Demo-2NASA Commercial Crew",754,62000,451000,23:09:46,
23/5/20,nan,22000,98000,1371000,19:35:44,
23/5/20,Made on Earth by humans,13000,3000,672000,19:39:50,
23/5/20,The medium is the message,42000,571000,3447000,0:02:01,
22/5/20,"Open your eyes, look up to the skies",243000,90000,6002000,23:24:21,
22/5/20,ICYMI: Earth is beautiful.,17000,243000,1188000,0:55:18,
21/5/20,Falcon 9 and Crew Dragon are vertical on the launch pad,13000,136000,892000,20:19:12,
21/5/20,Crew Dragon and Falcon 9 in the hangar at Launch Complex 39ANASA and NASA Commercial Crew,11000,111000,715000,2:34:04,
18/5/20,"The Crew Dragon has arrived to Launch Complex 39A! 
This spacecraft will carry 
@AstroBehnken
 and 
@Astro_Doug
 to the 
@Space_Station
 when it launches atop a 
@SpaceX
 Falcon 9 rocket on May 27, at 4:33 p.m. ET: http://go.nasa.gov/2Xciz7XNASA Commercial Crew and NASA",321,33000,177000,19:55:21,
19/5/20,Cancel Cancel Culture!,146000,791000,5349000,16:35:23,
15/5/20,"Its remarkable how often The News attempts to answer the question: what is the worst thing that happened on Earth today?Quote Tweet
The Onion
@TheOnion
  May 15, 2020
Depraved Masochist Enjoys Following The News https://bit.ly/2LuIW3j",18000,49000,474000,16:37:06,
15/5/20,"Boring Company completes 2nd Vegas tunnelQuote Tweet
The Boring Company
@boringcompany
  May 15, 2020
Vegas Loop 12:41 AM Rumblings",18000,56000,817000,3:47:33,
14/5/20,"Breakthrough, Part Deux  
@LVCVAQuote Tweet
Vegas Means Business
@LVCVA
  May 15, 2020
No matter the barrier, Vegas doesnt stop. This morning, excavation was completed on the final tunnel of Elon Musks innovative underground transportation system beneath the Las Vegas Convention Center. The project is scheduled to debut in January 2021. #VegasMeansBusiness",168,744,75000,23:22:56,
14/5/20,Top Marx,45000,401000,2901000,10:18:14,
15/5/20,"In his 18th Brumaire essay (in which he does make some good points), Marx famously said history repeats itself, first as tragedy, then as farce. This is now ironically happening with Marxism.",1000,29000,23000,3:43:50,
14/5/20,Tesla Supercharger usage by region,15000,34000,451000,19:06:25,
13/5/20,"Heres some 
@Tesla
 news that everyone should love. Check out the Model X that will carry 
@AstroBehnken
 and 
@Astro_Doug
 to the launchpad for the Demo-2 mission! #LaunchAmericaNASA",670,33000,266000,20:25:09,
13/5/20,"Super exciting day coming up!Quote Tweet
NASA
@NASA
  May 10, 2020
Together with @SpaceX, we will return human spaceflight to American soil after nearly a decade. May 27 is not only a big day for our teams  its a big day for our country. 

What does our @Commercial_Crew launch mean to YOU? Share using #LaunchAmerica: https://go.nasa.gov/2AeqVnF",22000,114000,914000,22:36:00,
13/5/20,"The first stage rocket booster supporting this mission previously  launched two Starlink missions, as well as the Iridium-8 and Telstar 18 VANTAGE missions",300,16000,15000,16:11:15,
13/5/20,"Static fire test of Falcon 9 completetargeting Sunday, May 17 at 3:53 a.m. EDT, 7:53 UTC, for launch of the eighth Starlink mission, which will lift off from SLC-40 in Florida",250,11000,118000,16:11:14,
13/5/20,"Elon Musks Email To Tesla Employees Returning To WorkElon Musks Email To Tesla Employees Returning To Work
As you may have read, Tesla reopened its Fremont factory yesterday. You may have even read that this was controversial. Following that, Elon Musk sent an email to Tesla employees thanking them for...
cleantechnica.com",543,902,79000,3:58:16,
10/5/20,SN4 passed high pressure (7.5 bar) & engine thrust load at cryo,728,886,167000,4:48:29,
10/5/20,"Getting Back to Work
Tesla is the last major carmaker remaining in California, and the largest manufacturing employer in the State with more than 10,000 employees at our Fremont factory and 20,000 statewide. We underst...
tesla.com",2000,39000,432000,2:22:59,
9/5/20,"Once again, I must recommend https://reddit.com/r/RealBeesFakeTopHats/comments/gfshpy/a_dapper_young_fellow_on_a_flower_of_yellow/Quote Tweet
Atlas Obscura
@atlasobscura
  May 9, 2020
I would argue, as would many other beeologists, that most bees are arguably cuter than most kids. https://trib.al/eiHVY8L",969,951,199000,8:54:30,
9/5/20,"Half a 
, philosophically, must ipso facto half not ",660,473,126000,9:03:00,
6/5/20,Wishing good vibes for all in 2nd half 2020,89000,633000,4397000,8:04:27,
6/5/20,"Replying to 
@elonmuskWhats wild is that Super Heavy will have 31 Raptor engines in same space!",820,740,233000,3:33:46,
4/5/20,#MayTheFourthBeWithYou,12000,144000,1142000,15:15:43,
3/5/20,"Well said, Lord Sumption, well said!Quote Tweet
bill lee 21x.eth
@westcoastbill
  May 4, 2020
  https://dailymail.co.uk/debate/article-8281007/Former-Supreme-Court-judge-LORD-SUMPTION-gives-withering-critique-Governments-lockdown.html",16000,13000,207000,19:10:40,
3/5/20,Minecraft has amazing legs,46000,231000,2578000,7:56:49,
3/5/20,Anyone think they can get a good multiplayer Minecraft working on Teslas? Or maybe create a game that interacts virtually with reality like Pokmon Go while driving safely? Like a complex version of Pac-man or Mario Kart?,6000,88000,127000,8:03:50,
13/12/17,"It is high time that humanity went beyond Earth. Should have a moon base by now and sent astronauts to Mars. The future needs to inspire.Quote Tweet
New Scientist
@newscientist
  Dec 14, 2017
Trump directs NASA to send astronauts to the moon and then Mars http://bit.ly/2ymjHav",29000,177000,115000,20:29:02,
3/5/20,That was 2.5 years ago & still not even on the moon. Progress must accelerate!,21000,31000,654000,7:48:03,
2/5/20,"One of the all-time best songsLouis Armstrong - What A Wonderful World (Lyrics)
Good old song of Louis Armstrong - What a wonderful world.Subscribe
youtube.com",34000,39000,453000,19:55:34,
1/5/20,"Crew Dragon at the Cape undergoing final preparations ahead of first flight to the 
@Space_Station
 with 
@NASA
 astronauts onboardNASA Commercial Crew and 2 others",668,4000,331000,23:32:51,
1/5/20,I am selling almost all physical possessions. Will own no house.,35000,368000,2598000,15:10:24,
1/5/20,"My gf 
@Grimezsz
 is mad at me",53000,116000,875000,16:17:43,
1/5/20,"Replying to 
@elonmuskJust one stipulation on sale: I own Gene Wilders old house. It cannot be torn down or lose any its soul.",33000,25000,53000,16:14:14,
1/5/20,"Rage, rage against the dying of the light of consciousness",75000,181000,1267000,16:08:57,
1/5/20,"And the rocket's red glare, 
the bombs bursting in air",32000,55000,576000,15:26:46,
1/5/20,"Replying to 
@elonmuskOh, say does that star-spangled banner yet wave",585,13000,258000,15:29:47,
1/5/20,O'er the land of the free and the home of the brave?,17000,21000,296000,15:30:38,
1/5/20,Now give people back their FREEDOM,127000,292000,1637000,15:15:13,
1/5/20,Tesla stock price is too high imo,125000,362000,1906000,15:11:26,
1/5/20,"Why our Launch of the 
@NASA
 & 
@SpaceX
 Demo-2 Mission to the 
@Space_Station
  is Essential: https://blogs.nasa.gov/bridenstine/2020/05/01/why-our-launch-of-the-spacex-demo-2-mission-to-the-international-space-station-is-essential/",186,923,102000,14:08:33,
30/4/20,"Tesla Reached 1,000 Solar Roof Production In A Single Week, Exceeding 4MWTesla Reached 1,000 Solar Roof Production In A Single Week, Exceeding 4MW
The company reported in its Shareholder's Letter for Q1 2020 that Gigafactory New York had reached a significant milestone. In one week, the production of solar roofs exceeded 4 MW, which is enough...
tesmanian.com",291,1000,106000,16:54:13,
30/4/20,"Classifying all deaths as corona even if corona didnt cause the death is simply a lieQuote Tweet
Tee Mary
@veemarie881
  May 1, 2020
Replying to @mapmkr73 @AdamDraper and 2 others
Dr. Birx said it right on live TV on CNN. 

clip - https://nypost.com/2020/04/07/feds-classify-all-coronavirus-patient-deaths-as-covid-19-deaths/",72000,238000,1025000,17:54:59,
30/4/20,This is misleading to the public,27000,41000,483000,18:25:56,
30/4/20,"Both 
@pmarca
 and 
@elonmusk
 have said we should go build/get back to work and have been met with harsh criticism. 

Im with them. 

Time to free us for the sake of progress.",827,1000,103000,15:25:45,
30/4/20,"Last year, NASA announced Starship as eligible for the Commercial Lunar Payload Services (CLPS) initiative  to deliver payloads between Earth and the Moon, and to enable humans to return to the MoonNew Companies Join Growing Ranks of NASA Partners for Artemis Program
NASA has added five American companies to the pool of vendors that will be eligible to bid on proposals to provide deliveries to the surface of the Moon through the agencys Commercial Lunar Payload...
nasa.gov",165,916,92000,17:09:50,
30/4/20,"SpaceX has been selected to develop a lunar optimized Starship to transport crew between lunar orbit and the surface of the Moon as part of 
@NASA
s Artemis program! https://go.nasa.gov/3f0o3ux",837,68000,405000,17:09:47,
30/4/20,Actual data reference CHHS https://data.chhs.ca.gov/dataset/california-covid-19-hospital-data-and-case-statistics,674,2000,178000,2:05:19,
30/4/20,California HHS server crashed. Maybe it has covid.,14000,25000,34000,2:58:14,
29/4/20,"$TSLA CEO 
@elonmusk
 blasts shelter in place orders: To say that they cannot leave their house and they will be arrested if they do, this is fascist.  This is not democratic, this is not freedom, give people back their god damn freedom.",1000,49000,243000,23:46:17,
29/4/20,FREE AMERICA NOW,457000,811000,3205000,6:14:53,
29/4/20,"Bravo Texas!Texas restaurants, retailers and other businesses can reopen Friday. 
Parties of six or less, disposable menus and limited capacity are among the new rules businesses will follow if they open this Friday.
texastribune.org",27000,78000,58000,6:08:29,
29/4/20,"Give people their freedom back!Opinion | Do Lockdowns Save Many Lives? In Most Places, the Data Say No
The speed with which officials shuttered the economy appears not to be a factor in Covid deaths.
wsj.com",46000,101000,449000,6:03:52,
27/4/20,Silicon Valley has become Sanctimonious Valley,25000,93000,848000,23:54:13,
27/4/20,Too much the moral arbiter of the world,987,23000,37000,23:54:39,
27/4/20,"Snowing in Texas0:00
3.4M views",15000,44000,702000,3:50:33,
27/4/20,SN4 passed cryo proof! ,1000,27000,289000,4:44:34,
26/4/20,"Airplanes fly about 600 mph, but the 
@Space_Station
 orbits Earth at 17,500 mph & looks like a very bright star moving across the sky. Did you know that you can track when the station will pass overhead? Find out when & where to #SpotTheStation: https://spotthestation.nasa.gov #NASAatHome",363,38000,175000,23:07:00,
26/4/20,"SN4 passed ambient pressure testQuote Tweet
SPadre
@SpacePadreIsle
  Apr 26, 2020
Great to see Starship SN4 standing tall this morning after last nights pressure test. Waiting to hear from @elonmusk on results.",612,19000,359000,15:21:04,
26/4/20,Aiming for cryo pressure test tonight,467,627,179000,15:27:11,
27/4/20,Cryo test underway,307,327,106000,3:00:41,
24/4/20,"Welcome 
@hiromichimizuno
 to the Tesla board! Honored to have you.",656,852,214000,0:30:31,
23/4/20,Starship SN4 tank on test stand,18000,5000,649000,18:58:59,
23/4/20,"Silver lining is that mortality rate is much lower than predicted & herd immunity much higher. Good news.Quote Tweet
Andrew Cuomo
@NYGovCuomo
  Apr 23, 2020
NEW: The first phase of results from a statewide antibody study are in.

We collected approximately 3,000 antibody samples from 40 locations in 19 counties.

Preliminary estimates show a 13.9% infection rate.
Show this thread",938,31000,248000,18:39:49,
23/4/20,"Tesla Model S and Model X get free acceleration and endurance boost in new update
https://teslarati.com/tesla-model-s-cheetah-stance-free-acceleration-boost-release-notes/?cc=2",434,746,88000,8:02:03,
23/4/20,"In advance of this, please try to hack Starlink & Tesla Mothership!Quote Tweet
Hack Club
@hackclub
  Apr 23, 2020
Were excited to announce that @ElonMusk is doing an AMA this Friday at 1pm PT / 4pm ET with Hack Club students! 
Follow us at @hackclub we'll post a link to the livestream 20 min before the AMA starts so you can tune in!",789,21000,23000,0:07:29,
22/4/20,"There are now 420 operational Starlink satellites 
 ",9000,288000,2785000,22:15:10,
22/4/20,"Starlink will deliver high speed broadband internet to locations where access has been unreliable, expensive, or completely unavailable",17000,48000,374000,19:27:54,
22/4/20,"Successful deployment of 60 Starlink satellites confirmed0:05
1.2M views",869,57000,337000,19:47:26,
22/4/20,"Watch Falcon 9 launch 60 Starlink satellites  http://spacex.com/webcastSpaceX
@SpaceX
Starlink Mission",645,35000,121000,19:18:58,
22/4/20,"New T-0 of 3:30 p.m. EDT, 19:30 UTC, for todays launch of Starlink",333,13000,108000,13:56:14,
22/4/20,Happy Earth Day!International Space Station and NASA Commercial Crew,386,63000,435000,13:21:13,
20/4/20,"On May 1, we're previewing the return of human spaceflight to U.S. soil. 
 Hear from 
@JimBridenstine
, 
@SpaceX
 and NASA managers as well as the astronauts, 
@AstroBehnken
 & 
@Astro_Doug
, set to launch May 27 aboard the Crew Dragon: https://go.nasa.gov/2VJdfIb #LaunchAmerica",367,22000,16000,20:42:01,
19/4/20,Best political platform ever,25000,434000,2983000,1:03:40,
16/4/20,Dr. Levitan advocates combining breathing support from a CPAP machine or regular oxygen with comfortable positioning. Yup.,266,506,72000,7:50:51,
14/4/20,"Giga Berlin will have worlds most advanced paint shop, with more layers of stunning colors that subtly change with curvature",13000,21000,434000,23:56:31,
15/4/20,"To be clear, Fremont & Shanghai will also be upgraded over time, but its hard to retrofit these improvements to an operating paint shop",410,359,92000,0:02:29,
14/4/20,"Replying to 
@elonmuskInitial production at Giga Berlin is Model Y",252,458,11000,23:59:35,
13/4/20,"While others party, he study the blade",29000,565000,3843000,1:38:11,
12/4/20,"Happy Easter!
Follow the ",38000,81000,1116000,22:47:18,
12/4/20,Turns out that gun is for the toilet paper,27000,521000,3355000,5:26:40,
10/4/20,But actually,34000,649000,3673000,7:39:10,
9/4/20,"Tesla wins 5/6 Kelley Blue Book awards
 Best Overall
 Best Value
 Most Refined
 Best Performance
 Best Styling",927,33000,333000,0:41:11,
8/4/20,Great differences in technology exist in the world about which even hardcore technologists are unaware,25000,63000,771000,20:56:19,
8/4/20,What is simple in one arena is often profound in another,756,15000,216000,22:18:50,
8/4/20,"Four years ago today, Falcon 9 landed on the Of Course I Still Love You droneship for the first time. Additional Falcon landings footage  http://youtube.com/playlist?list=PLBQ5P5txVQr-Q68JtHuTTBWldX2psIqA1",685,49000,283000,19:47:38,
7/4/20,"The 20th & final Dragon 1 mission is completeQuote Tweet
SpaceX
@SpaceX
  Apr 8, 2020
Good splashdown of Dragon confirmed, completing the 20th and final @Space_Station resupply mission for SpaceXs first iteration of the Dragon spacecraft!",744,14000,218000,20:45:47,
7/4/20,"Were about to release a #Dragon into space.

Tune in live at 8:45am ET to see a 
@SpaceX
 spacecraft packed with cargo and 
@ISS_Research
 depart the 
@Space_Station
 for the journey back to Earth. Grab your coffee & watch: https://go.nasa.gov/2yHRilf",213,16000,119000,11:45:01,
7/4/20,"Here you goQuote Tweet
AndrewG
@_AndrewwG_
  Apr 6, 2020
Replying to @elonmusk and @facts_tesla
Can you release the landing video of BulgariaSat-1 from 2017?",18000,127000,867000,1:21:18,
4/4/20,"Press any key to continueCharlie Schmidt's Keyboard Cat! - THE ORIGINAL!
Keyboard Cat memes make your day better!http://www.keyboardcatstore.com/https://www.facebook.com/thekeyboardcathttp://www.charlieschmidt.com/
youtube.com",12000,19000,232000,17:42:13,
5/4/20,Were adding this here catchy tune to the music maker in the Tesla!,326,320,106000,7:02:27,
4/4/20,"#MDTisMobilizing with 
@elonmusk
. Our collaboration with 
@Tesla
 / SpaceX is bearing fruit. 
@SpaceX
 is now making a vital component for critical care #ventilators  more vents sooner for #COVID19 patients.Medtronic is Helping the Heroes of COVID-19
Read how Medtronic is helping the heroes of COVID-19.
medtronic.com",199,11000,58000,14:50:03,
4/4/20,u r o k,132000,447000,2772000,11:28:36,
2/4/20,"The worm is back! When the 
@SpaceX
 Falcon 9 lifts off carrying 
@NASA_Astronauts
 aboard #CrewDragon, it will sport the iconic symbol to mark the return of human spaceflight on American rockets from American soil. More: https://go.nasa.gov/3bPc7sT #TheWormIsBack",653,45000,225000,16:06:21,
31/3/20,"We have extra FDA-approved ventilators. Will ship to hospitals worldwide within Tesla delivery regions. Device & shipping cost are free. Only requirement is that the vents are needed immediately for patients, not stored in a warehouse. Please me or 
@Tesla
 know.",121000,772000,2995000,15:27:02,
26/3/20,SN3,15000,4000,751000,7:12:50,
30/3/20,"Replying to 
@elonmuskNow on launch stand",528,11000,187000,18:27:28,
30/3/20,nan,460,789,119000,18:31:17,
30/3/20,"Hello from the InsideHello (from the Inside) An Adele Parody by Chris Mann
#Hellofromtheinside #adele #helloStream my parodies on Spotify! https://bit.ly/chrismannviralviralNeed protective face masks? I've teamed with The Canopus G...
youtube.com",630,15000,126000,18:17:00,
30/3/20,Logarithm graphs coming soon,18000,286000,2241000,17:53:30,
27/3/20,"Would be great to combine blood donations with a C19 antibody test, so you know if youre immune. Refill blood banks & give donors peace of mind.Quote Tweet
Eric D. Hargan
@DepSecHargan
  Mar 28, 2020
Earlier this week, I visited @NIH to donate blood for patients who are involved in clinical trials. The #COVID-19 pandemic has created a blood and plasma shortage in America. If you are a healthy individual, please consider donating blood. One donation can save up to 3 lives.",16000,71000,464000,22:51:10,
26/3/20,The next Autopilot update will stop for red lights and stop signs automatically.,562,16000,152000,22:02:41,
24/3/20,Its ducked!,442,13000,416000,18:35:36,
24/3/20,This meme proves it,808,86000,926000,18:42:18,
21/3/20,"Addressing #COVID19 is a group effort. We are grateful for the discussion with 
@ElonMusk
 and 
@Tesla
 as we work across industries to solve problems and get patients and hospitals the tools they need to continue saving lives. We're all in this together.Quote Tweet
Elon Musk
@elonmusk
  Mar 22, 2020
Just had a long engineering discussion with Medtronic about state-of-the-art ventilators. Very impressive team!",805,32000,196000,20:20:47,
21/3/20,Just had a long engineering discussion with Medtronic about state-of-the-art ventilators. Very impressive team!,36000,97000,1292000,18:22:39,
19/3/20,"No new domestic corona cases in ChinaChina Hits a Coronavirus Milestone: No New Local Infections
All of the new cases reported on Thursday involved people who had come to China from elsewhere, the government said.
nytimes.com",44000,7000,575000,21:34:04,
18/3/20,"SpaceX and 
@NASA
 are targeting no earlier than mid-to-late May for Crew Dragons launch with two 
@NASA_Astronauts
 on board https://go.nasa.gov/3b8EKBbCrew Dragon | Animation
SpaceX will soon demonstrate Crew Dragon's ability to safely and reliably carry astronauts to and from the International Space Station.
youtube.com",505,19000,135000,23:06:43,
18/3/20,"Successful deployment of 60 Starlink satellites confirmed0:09
1.3M views",682,39000,263000,12:33:13,
18/3/20,"Falcon 9, Starlink satellites and weather are go for launch. T-30 minutes until liftoff   http://spacex.com/webcast",222,896,86000,11:46:12,
18/3/20,Fear the memesphere,2000,109000,1124000,4:27:44,
18/3/20,Because polygon doesnt rhyme,559,618,228000,5:07:45,
18/3/20,Abysmal autocorrect might be the #1 reason people dont fear AI,14000,41000,546000,4:52:13,
16/3/20,Maybe worth considering chloroquine for C19 https://docs.google.com/document/d/e/2PACX-1vTi-g18ftNZUMRAj2SwRPodtscFio7bJ7GdNgbJAGbdfF67WuRJB3ZsidgpidB2eocFHAVjIL-7deJ7/pub,3000,141000,523000,20:31:48,
17/3/20,"Hydroxychloroquine probably better
https://m.youtube.com/watch?feature=youtu.be&v=vE4_LsftNKM",11000,48000,165000,4:50:11,
17/3/20,"Replying to 
@elonmuskThis paper matches what Im hearing from a lot of smart people https://elsevier.com/__data/assets/pdf_file/0007/988648/COVID-19-Drug-Therapy_Mar-2020.pdf",356,14000,103000,3:27:14,
17/3/20,"That said, danger of panic still far exceeds danger of corona imo. If we over-allocate medical resources to corona, it will come at expense of treating other illnesses. Track graph at bottom of this page: https://cdc.gov/coronavirus/2019-ncov/cases-updates/cases-in-us.html?CDC_AA_refVal=https%3A%2F%2Fwww.cdc.gov%2Fcoronavirus%2F2019-ncov%2Fcases-in-us.html",14000,26000,138000,3:34:13,
18/3/20,"Successful deployment of 60 Starlink satellites confirmed1.3M views
0:09 / 0:15",682,39000,263000,12:33:13,
